"","PrecinctID","Yes","No","Ballots","Turnout","prop","PYes","PNo","Perc","Win"
"1",1101,139,68,210,42.68,"A",0.671497584541063,0.328502415458937,0.671497584541063,"Yes"
"2",1102,554,245,817,46.74,"A",0.693366708385482,0.306633291614518,0.693366708385482,"Yes"
"3",1104,274,97,376,43.57,"A",0.738544474393531,0.261455525606469,0.738544474393531,"Yes"
"4",1106,368,190,571,40.41,"A",0.659498207885305,0.340501792114695,0.659498207885305,"Yes"
"5",1109,499,192,699,42.97,"A",0.722141823444284,0.277858176555716,0.722141823444284,"Yes"
"6",1111,214,110,328,37.88,"A",0.660493827160494,0.339506172839506,0.660493827160494,"Yes"
"7",1112,178,78,258,38.62,"A",0.6953125,0.3046875,0.6953125,"Yes"
"8",1114,407,171,586,39.38,"A",0.704152249134948,0.295847750865052,0.704152249134948,"Yes"
"9",1115,376,160,558,35.05,"A",0.701492537313433,0.298507462686567,0.701492537313433,"Yes"
"10",1117,194,94,297,38.67,"A",0.673611111111111,0.326388888888889,0.673611111111111,"Yes"
"11",1118,417,178,606,37.24,"A",0.700840336134454,0.299159663865546,0.700840336134454,"Yes"
"12",1119,190,70,266,38.49,"A",0.730769230769231,0.269230769230769,0.730769230769231,"Yes"
"13",1122,146,81,230,39.25,"A",0.643171806167401,0.356828193832599,0.643171806167401,"Yes"
"14",1123,373,150,534,31.01,"A",0.713193116634799,0.286806883365201,0.713193116634799,"Yes"
"15",1126,387,182,586,40.52,"A",0.680140597539543,0.319859402460457,0.680140597539543,"Yes"
"16",1128,376,241,623,40.04,"A",0.609400324149109,0.390599675850891,0.609400324149109,"Yes"
"17",1129,405,172,583,37.79,"A",0.701906412478336,0.298093587521664,0.701906412478336,"Yes"
"18",1132,245,127,379,44.27,"A",0.658602150537634,0.341397849462366,0.658602150537634,"Yes"
"19",1134,180,114,298,43,"A",0.612244897959184,0.387755102040816,0.612244897959184,"Yes"
"20",1135,354,172,529,42.22,"A",0.673003802281369,0.326996197718631,0.673003802281369,"Yes"
"21",1136,191,104,299,40.57,"A",0.647457627118644,0.352542372881356,0.647457627118644,"Yes"
"22",1141,485,204,701,41.31,"A",0.703918722786647,0.296081277213353,0.703918722786647,"Yes"
"23",1144,559,176,741,43.01,"A",0.760544217687075,0.239455782312925,0.760544217687075,"Yes"
"24",1146,530,198,744,44.26,"A",0.728021978021978,0.271978021978022,0.728021978021978,"Yes"
"25",1148,203,130,337,40.75,"A",0.60960960960961,0.39039039039039,0.60960960960961,"Yes"
"26",1149,551,193,765,46.14,"A",0.740591397849462,0.259408602150538,0.740591397849462,"Yes"
"27",1153,451,247,696,43.42,"A",0.646131805157593,0.353868194842407,0.646131805157593,"Yes"
"28",7001,219,55,284,45.23,"A",0.799270072992701,0.200729927007299,0.799270072992701,"Yes"
"29",7002,272,100,373,43.37,"A",0.731182795698925,0.268817204301075,0.731182795698925,"Yes"
"30",7003,621,187,811,51.13,"A",0.768564356435644,0.231435643564356,0.768564356435644,"Yes"
"31",7005,328,80,412,53.86,"A",0.803921568627451,0.196078431372549,0.803921568627451,"Yes"
"32",7006,354,77,437,50.35,"A",0.821345707656613,0.178654292343387,0.821345707656613,"Yes"
"33",7007,708,210,929,55.79,"A",0.77124183006536,0.228758169934641,0.77124183006536,"Yes"
"34",7011,527,142,672,37.03,"A",0.787742899850523,0.212257100149477,0.787742899850523,"Yes"
"35",7012,332,122,458,51.63,"A",0.731277533039648,0.268722466960352,0.731277533039648,"Yes"
"36",7013,535,142,677,42.74,"A",0.790251107828656,0.209748892171344,0.790251107828656,"Yes"
"37",7015,23,7,32,41.03,"A",0.766666666666667,0.233333333333333,0.766666666666667,"Yes"
"38",7016,465,137,607,35.39,"A",0.772425249169435,0.227574750830565,0.772425249169435,"Yes"
"39",7018,460,213,680,39.26,"A",0.683506686478455,0.316493313521545,0.683506686478455,"Yes"
"40",7021,445,104,551,32.84,"A",0.810564663023679,0.189435336976321,0.810564663023679,"Yes"
"41",7022,254,51,309,33.52,"A",0.832786885245902,0.167213114754098,0.832786885245902,"Yes"
"42",7023,365,63,436,28.31,"A",0.852803738317757,0.147196261682243,0.852803738317757,"Yes"
"43",7024,32,7,39,13.98,"A",0.82051282051282,0.179487179487179,0.82051282051282,"Yes"
"44",7025,73,15,92,20.86,"A",0.829545454545455,0.170454545454545,0.829545454545455,"Yes"
"45",7028,359,76,435,28.12,"A",0.825287356321839,0.174712643678161,0.825287356321839,"Yes"
"46",7029,152,22,173,20.66,"A",0.873563218390805,0.126436781609195,0.873563218390805,"Yes"
"47",7030,269,146,427,39.72,"A",0.648192771084337,0.351807228915663,0.648192771084337,"Yes"
"48",7032,227,43,274,32.09,"A",0.840740740740741,0.159259259259259,0.840740740740741,"Yes"
"49",7034,153,12,166,19.73,"A",0.927272727272727,0.0727272727272727,0.927272727272727,"Yes"
"50",7035,81,26,110,33.64,"A",0.757009345794392,0.242990654205607,0.757009345794392,"Yes"
"51",7037,93,9,102,13.62,"A",0.911764705882353,0.0882352941176471,0.911764705882353,"Yes"
"52",7038,186,78,268,31.67,"A",0.704545454545455,0.295454545454545,0.704545454545455,"Yes"
"53",7039,186,86,277,37.95,"A",0.683823529411765,0.316176470588235,0.683823529411765,"Yes"
"54",7041,10,9,19,35.85,"A",0.526315789473684,0.473684210526316,0.526315789473684,"Yes"
"55",7043,182,76,261,30.82,"A",0.705426356589147,0.294573643410853,0.705426356589147,"Yes"
"56",7045,188,82,277,39.12,"A",0.696296296296296,0.303703703703704,0.696296296296296,"Yes"
"57",7046,264,100,365,36.07,"A",0.725274725274725,0.274725274725275,0.725274725274725,"Yes"
"58",7047,213,110,330,43.53,"A",0.659442724458204,0.340557275541796,0.659442724458204,"Yes"
"59",7048,336,136,476,29.63,"A",0.711864406779661,0.288135593220339,0.711864406779661,"Yes"
"60",7049,368,183,570,37.4,"A",0.667876588021779,0.332123411978221,0.667876588021779,"Yes"
"61",7052,311,158,477,40.32,"A",0.663113006396588,0.336886993603412,0.663113006396588,"Yes"
"62",7054,298,103,408,24.89,"A",0.743142144638404,0.256857855361596,0.743142144638404,"Yes"
"63",7101,50,9,58,48.33,"A",0.847457627118644,0.152542372881356,0.847457627118644,"Yes"
"64",7201,247,112,359,43.62,"A",0.688022284122563,0.311977715877437,0.688022284122563,"Yes"
"65",7202,238,126,371,50.14,"A",0.653846153846154,0.346153846153846,0.653846153846154,"Yes"
"66",7203,225,85,304,41.31,"A",0.725806451612903,0.274193548387097,0.725806451612903,"Yes"
"67",7205,549,217,784,49.5,"A",0.716710182767624,0.283289817232376,0.716710182767624,"Yes"
"68",7206,93,36,128,40.64,"A",0.720930232558139,0.27906976744186,0.720930232558139,"Yes"
"69",7207,187,46,229,42.81,"A",0.802575107296137,0.197424892703863,0.802575107296137,"Yes"
"70",7208,408,117,533,52.41,"A",0.777142857142857,0.222857142857143,0.777142857142857,"Yes"
"71",7301,678,202,885,50.11,"A",0.770454545454546,0.229545454545455,0.770454545454546,"Yes"
"72",7302,320,118,455,61.73,"A",0.730593607305936,0.269406392694064,0.730593607305936,"Yes"
"73",7303,649,228,915,52.68,"A",0.740022805017104,0.259977194982896,0.740022805017104,"Yes"
"74",7305,569,248,841,58,"A",0.696450428396573,0.303549571603427,0.696450428396573,"Yes"
"75",7308,240,98,349,63.91,"A",0.710059171597633,0.289940828402367,0.710059171597633,"Yes"
"76",7309,237,82,329,45.37,"A",0.74294670846395,0.25705329153605,0.74294670846395,"Yes"
"77",7312,315,137,462,56.96,"A",0.696902654867257,0.303097345132743,0.696902654867257,"Yes"
"78",7313,630,131,787,52.12,"A",0.827858081471748,0.172141918528252,0.827858081471748,"Yes"
"79",7315,549,138,732,52.51,"A",0.799126637554585,0.200873362445415,0.799126637554585,"Yes"
"80",7317,354,103,468,55.84,"A",0.774617067833698,0.225382932166302,0.774617067833698,"Yes"
"81",7318,558,177,751,50.54,"A",0.759183673469388,0.240816326530612,0.759183673469388,"Yes"
"82",7319,505,174,696,45.14,"A",0.743740795287187,0.256259204712813,0.743740795287187,"Yes"
"83",7321,228,56,296,49.42,"A",0.802816901408451,0.197183098591549,0.802816901408451,"Yes"
"84",7322,368,52,446,54.66,"A",0.876190476190476,0.123809523809524,0.876190476190476,"Yes"
"85",7323,276,86,370,51.68,"A",0.762430939226519,0.237569060773481,0.762430939226519,"Yes"
"86",7325,278,92,382,47.57,"A",0.751351351351351,0.248648648648649,0.751351351351351,"Yes"
"87",7326,291,90,387,51.13,"A",0.763779527559055,0.236220472440945,0.763779527559055,"Yes"
"88",7329,603,118,771,54.99,"A",0.836338418862691,0.163661581137309,0.836338418862691,"Yes"
"89",7331,337,103,448,57.22,"A",0.765909090909091,0.234090909090909,0.765909090909091,"Yes"
"90",7332,597,121,733,48.96,"A",0.831476323119777,0.168523676880223,0.831476323119777,"Yes"
"91",7333,305,93,407,47.83,"A",0.766331658291457,0.233668341708543,0.766331658291457,"Yes"
"92",7336,629,202,848,49.05,"A",0.756919374247894,0.243080625752106,0.756919374247894,"Yes"
"93",7337,297,100,412,52.62,"A",0.748110831234257,0.251889168765743,0.748110831234257,"Yes"
"94",7338,685,130,855,56.59,"A",0.840490797546012,0.159509202453988,0.840490797546012,"Yes"
"95",7339,486,110,611,44.44,"A",0.815436241610738,0.184563758389262,0.815436241610738,"Yes"
"96",7342,612,202,832,50.39,"A",0.751842751842752,0.248157248157248,0.751842751842752,"Yes"
"97",7343,545,127,689,44.97,"A",0.811011904761905,0.188988095238095,0.811011904761905,"Yes"
"98",7346,618,93,731,44.54,"A",0.869198312236287,0.130801687763713,0.869198312236287,"Yes"
"99",7348,245,62,311,41.42,"A",0.798045602605863,0.201954397394137,0.798045602605863,"Yes"
"100",7349,287,57,355,43.29,"A",0.834302325581395,0.165697674418605,0.834302325581395,"Yes"
"101",7501,257,80,347,37.72,"A",0.762611275964392,0.237388724035608,0.762611275964392,"Yes"
"102",7503,439,115,556,40.35,"A",0.792418772563177,0.207581227436823,0.792418772563177,"Yes"
"103",7505,378,91,477,58.74,"A",0.805970149253731,0.194029850746269,0.805970149253731,"Yes"
"104",7507,517,87,615,36.39,"A",0.855960264900662,0.144039735099338,0.855960264900662,"Yes"
"105",7508,271,83,359,55.4,"A",0.765536723163842,0.234463276836158,0.765536723163842,"Yes"
"106",7509,310,88,407,47.77,"A",0.778894472361809,0.221105527638191,0.778894472361809,"Yes"
"107",7513,414,79,505,40.27,"A",0.839756592292089,0.160243407707911,0.839756592292089,"Yes"
"108",7515,429,73,513,33.03,"A",0.854581673306773,0.145418326693227,0.854581673306773,"Yes"
"109",7516,306,80,395,52.12,"A",0.792746113989637,0.207253886010363,0.792746113989637,"Yes"
"110",7518,648,153,814,49.54,"A",0.808988764044944,0.191011235955056,0.808988764044944,"Yes"
"111",7521,550,101,648,46.12,"A",0.844854070660522,0.155145929339478,0.844854070660522,"Yes"
"112",7523,579,104,687,46.51,"A",0.847730600292826,0.152269399707174,0.847730600292826,"Yes"
"113",7524,190,34,227,38.22,"A",0.848214285714286,0.151785714285714,0.848214285714286,"Yes"
"114",7525,556,83,648,41.09,"A",0.870109546165884,0.129890453834116,0.870109546165884,"Yes"
"115",7527,262,53,317,45.74,"A",0.831746031746032,0.168253968253968,0.831746031746032,"Yes"
"116",7529,662,102,763,46.1,"A",0.866492146596859,0.133507853403141,0.866492146596859,"Yes"
"117",7532,537,122,663,44.35,"A",0.814871016691957,0.185128983308042,0.814871016691957,"Yes"
"118",7533,692,139,844,50.66,"A",0.832731648616125,0.167268351383875,0.832731648616125,"Yes"
"119",7536,623,128,758,51.89,"A",0.829560585885486,0.170439414114514,0.829560585885486,"Yes"
"120",7539,709,108,829,51.72,"A",0.86780905752754,0.13219094247246,0.86780905752754,"Yes"
"121",7542,617,100,739,48.62,"A",0.860529986052999,0.139470013947001,0.860529986052999,"Yes"
"122",7543,668,115,792,47.88,"A",0.853128991060025,0.146871008939974,0.853128991060025,"Yes"
"123",7546,694,145,856,49.19,"A",0.827175208581645,0.172824791418355,0.827175208581645,"Yes"
"124",7548,706,116,832,49.46,"A",0.858880778588808,0.141119221411192,0.858880778588808,"Yes"
"125",7552,294,49,346,50.43,"A",0.857142857142857,0.142857142857143,0.857142857142857,"Yes"
"126",7553,61,17,79,46.2,"A",0.782051282051282,0.217948717948718,0.782051282051282,"Yes"
"127",7554,621,126,762,50.4,"A",0.831325301204819,0.168674698795181,0.831325301204819,"Yes"
"128",7555,620,139,769,52.81,"A",0.816864295125165,0.183135704874835,0.816864295125165,"Yes"
"129",7556,363,115,487,53.64,"A",0.759414225941423,0.240585774058577,0.759414225941423,"Yes"
"130",7601,209,43,257,31.73,"A",0.829365079365079,0.170634920634921,0.829365079365079,"Yes"
"131",7604,499,85,589,40.35,"A",0.854452054794521,0.145547945205479,0.854452054794521,"Yes"
"132",7605,409,38,462,31.15,"A",0.914988814317673,0.0850111856823266,0.914988814317673,"Yes"
"133",7607,550,66,624,37.07,"A",0.892857142857143,0.107142857142857,0.892857142857143,"Yes"
"134",7608,427,34,471,36.77,"A",0.926247288503254,0.0737527114967462,0.926247288503254,"Yes"
"135",7612,405,72,490,35.45,"A",0.849056603773585,0.150943396226415,0.849056603773585,"Yes"
"136",7613,538,72,626,33.98,"A",0.881967213114754,0.118032786885246,0.881967213114754,"Yes"
"137",7615,447,51,515,29.51,"A",0.897590361445783,0.102409638554217,0.897590361445783,"Yes"
"138",7616,197,44,247,42.44,"A",0.817427385892116,0.182572614107884,0.817427385892116,"Yes"
"139",7618,273,60,341,42.62,"A",0.81981981981982,0.18018018018018,0.81981981981982,"Yes"
"140",7619,400,80,487,36.67,"A",0.833333333333333,0.166666666666667,0.833333333333333,"Yes"
"141",7621,254,50,303,36.03,"A",0.835526315789474,0.164473684210526,0.835526315789474,"Yes"
"142",7622,430,39,480,26.71,"A",0.916844349680171,0.0831556503198294,0.916844349680171,"Yes"
"143",7623,403,69,482,33.13,"A",0.853813559322034,0.146186440677966,0.853813559322034,"Yes"
"144",7625,376,55,445,52.66,"A",0.872389791183295,0.127610208816705,0.872389791183295,"Yes"
"145",7626,265,95,361,42.47,"A",0.736111111111111,0.263888888888889,0.736111111111111,"Yes"
"146",7627,232,123,356,36.43,"A",0.653521126760563,0.346478873239437,0.653521126760563,"Yes"
"147",7628,275,64,339,37.71,"A",0.811209439528024,0.188790560471976,0.811209439528024,"Yes"
"148",7632,197,61,256,40.57,"A",0.763565891472868,0.236434108527132,0.763565891472868,"Yes"
"149",7633,483,131,623,42.5,"A",0.786644951140065,0.213355048859935,0.786644951140065,"Yes"
"150",7634,280,57,344,40.56,"A",0.830860534124629,0.169139465875371,0.830860534124629,"Yes"
"151",7636,359,160,517,35.83,"A",0.691714836223507,0.308285163776493,0.691714836223507,"Yes"
"152",7637,248,132,384,40.08,"A",0.652631578947368,0.347368421052632,0.652631578947368,"Yes"
"153",7638,244,143,389,44.05,"A",0.630490956072351,0.369509043927649,0.630490956072351,"Yes"
"154",7641,458,219,685,42.05,"A",0.676514032496307,0.323485967503693,0.676514032496307,"Yes"
"155",7642,343,79,433,52.23,"A",0.812796208530806,0.187203791469194,0.812796208530806,"Yes"
"156",7643,276,71,352,43.35,"A",0.795389048991354,0.204610951008646,0.795389048991354,"Yes"
"157",7644,223,83,311,37.92,"A",0.72875816993464,0.271241830065359,0.72875816993464,"Yes"
"158",7645,182,94,271,47.38,"A",0.659420289855073,0.340579710144928,0.659420289855073,"Yes"
"159",7646,309,118,433,36.94,"A",0.723653395784543,0.276346604215457,0.723653395784543,"Yes"
"160",7647,174,17,192,24.52,"A",0.910994764397906,0.0890052356020942,0.910994764397906,"Yes"
"161",7701,336,113,450,50.79,"A",0.748329621380846,0.251670378619154,0.748329621380846,"Yes"
"162",7703,44,2,48,35.56,"A",0.956521739130435,0.0434782608695652,0.956521739130435,"Yes"
"163",7704,538,295,853,53.92,"A",0.645858343337335,0.354141656662665,0.645858343337335,"Yes"
"164",7705,186,113,301,57.88,"A",0.622073578595318,0.377926421404682,0.622073578595318,"Yes"
"165",7706,291,162,456,57.36,"A",0.642384105960265,0.357615894039735,0.642384105960265,"Yes"
"166",7707,286,171,461,59.11,"A",0.62582056892779,0.37417943107221,0.62582056892779,"Yes"
"167",7708,318,153,472,57.63,"A",0.67515923566879,0.32484076433121,0.67515923566879,"Yes"
"168",7709,405,169,575,53.49,"A",0.705574912891986,0.294425087108014,0.705574912891986,"Yes"
"169",7712,185,83,274,55.24,"A",0.690298507462687,0.309701492537313,0.690298507462687,"Yes"
"170",7801,401,122,527,59.02,"A",0.766730401529637,0.233269598470363,0.766730401529637,"Yes"
"171",7802,293,99,393,56.15,"A",0.747448979591837,0.252551020408163,0.747448979591837,"Yes"
"172",7804,374,118,495,58.37,"A",0.760162601626016,0.239837398373984,0.760162601626016,"Yes"
"173",7806,638,159,804,54.14,"A",0.800501882057716,0.199498117942284,0.800501882057716,"Yes"
"174",7808,598,105,714,52.54,"A",0.850640113798009,0.149359886201991,0.850640113798009,"Yes"
"175",7809,397,64,463,50.82,"A",0.86117136659436,0.13882863340564,0.86117136659436,"Yes"
"176",7812,664,109,790,52.25,"A",0.858990944372574,0.141009055627426,0.858990944372574,"Yes"
"177",7814,664,119,801,46.41,"A",0.848020434227331,0.151979565772669,0.848020434227331,"Yes"
"178",7815,384,106,498,57.57,"A",0.783673469387755,0.216326530612245,0.783673469387755,"Yes"
"179",7816,715,213,942,59.88,"A",0.770474137931034,0.229525862068966,0.770474137931034,"Yes"
"180",7818,764,121,886,56.51,"A",0.863276836158192,0.136723163841808,0.863276836158192,"Yes"
"181",7819,309,74,391,51.79,"A",0.806788511749347,0.193211488250653,0.806788511749347,"Yes"
"182",7822,792,185,986,56.47,"A",0.81064483111566,0.18935516888434,0.81064483111566,"Yes"
"183",7823,372,88,469,57.27,"A",0.808695652173913,0.191304347826087,0.808695652173913,"Yes"
"184",7824,556,96,661,50.92,"A",0.852760736196319,0.147239263803681,0.852760736196319,"Yes"
"185",7827,658,103,767,51.69,"A",0.864651773981603,0.135348226018397,0.864651773981603,"Yes"
"186",7828,351,118,476,53.42,"A",0.748400852878465,0.251599147121535,0.748400852878465,"Yes"
"187",7831,402,86,492,57.89,"A",0.823770491803279,0.176229508196721,0.823770491803279,"Yes"
"188",7832,351,87,438,58.01,"A",0.801369863013699,0.198630136986301,0.801369863013699,"Yes"
"189",7833,334,66,404,54.09,"A",0.835,0.165,0.835,"Yes"
"190",7834,704,126,846,53.78,"A",0.848192771084337,0.151807228915663,0.848192771084337,"Yes"
"191",7835,272,113,393,51.24,"A",0.706493506493507,0.293506493506493,0.706493506493507,"Yes"
"192",7836,388,92,485,53.53,"A",0.808333333333333,0.191666666666667,0.808333333333333,"Yes"
"193",7837,720,245,977,58.4,"A",0.746113989637306,0.253886010362694,0.746113989637306,"Yes"
"194",7838,393,130,521,59.48,"A",0.751434034416826,0.248565965583174,0.751434034416826,"Yes"
"195",7839,365,88,459,55.24,"A",0.805739514348786,0.194260485651214,0.805739514348786,"Yes"
"196",7841,768,192,969,55.79,"A",0.8,0.2,0.8,"Yes"
"197",7842,773,152,936,53.73,"A",0.835675675675676,0.164324324324324,0.835675675675676,"Yes"
"198",7844,587,96,681,49.82,"A",0.859443631039531,0.140556368960469,0.859443631039531,"Yes"
"199",7845,333,77,417,51.36,"A",0.81219512195122,0.18780487804878,0.81219512195122,"Yes"
"200",7847,714,193,926,53.52,"A",0.787210584343991,0.212789415656009,0.787210584343991,"Yes"
"201",7852,420,184,608,55.28,"A",0.695364238410596,0.304635761589404,0.695364238410596,"Yes"
"202",7855,738,183,917,53.43,"A",0.801302931596091,0.198697068403909,0.801302931596091,"Yes"
"203",7856,692,178,875,53.13,"A",0.795402298850575,0.204597701149425,0.795402298850575,"Yes"
"204",7859,622,196,822,50.8,"A",0.76039119804401,0.23960880195599,0.76039119804401,"Yes"
"205",7861,689,177,877,52.45,"A",0.795612009237875,0.204387990762125,0.795612009237875,"Yes"
"206",7863,360,78,446,51.68,"A",0.821917808219178,0.178082191780822,0.821917808219178,"Yes"
"207",7864,651,174,840,53.61,"A",0.789090909090909,0.210909090909091,0.789090909090909,"Yes"
"208",7865,690,182,889,55.22,"A",0.791284403669725,0.208715596330275,0.791284403669725,"Yes"
"209",7866,291,149,448,58.56,"A",0.661363636363636,0.338636363636364,0.661363636363636,"Yes"
"210",7867,667,214,889,53.17,"A",0.757094211123723,0.242905788876277,0.757094211123723,"Yes"
"211",7871,366,103,475,56.89,"A",0.780383795309168,0.219616204690832,0.780383795309168,"Yes"
"212",7872,347,114,469,55.7,"A",0.752711496746204,0.247288503253796,0.752711496746204,"Yes"
"213",7874,175,47,226,51.48,"A",0.788288288288288,0.211711711711712,0.788288288288288,"Yes"
"214",7875,217,51,267,48.03,"A",0.809701492537313,0.190298507462687,0.809701492537313,"Yes"
"215",7902,710,113,825,42.25,"A",0.86269744835966,0.13730255164034,0.86269744835966,"Yes"
"216",7903,318,38,363,43.16,"A",0.893258426966292,0.106741573033708,0.893258426966292,"Yes"
"217",7904,330,46,380,44.87,"A",0.877659574468085,0.122340425531915,0.877659574468085,"Yes"
"218",7905,319,74,395,48.95,"A",0.811704834605598,0.188295165394402,0.811704834605598,"Yes"
"219",7906,319,39,364,48.66,"A",0.891061452513967,0.108938547486034,0.891061452513967,"Yes"
"220",7907,780,115,903,49.67,"A",0.871508379888268,0.128491620111732,0.871508379888268,"Yes"
"221",7909,634,109,752,48.24,"A",0.853297442799462,0.146702557200538,0.853297442799462,"Yes"
"222",7912,398,63,468,51.14,"A",0.863340563991323,0.136659436008677,0.863340563991323,"Yes"
"223",7913,328,81,407,48.28,"A",0.801955990220049,0.198044009779951,0.801955990220049,"Yes"
"224",7915,684,90,788,50.51,"A",0.883720930232558,0.116279069767442,0.883720930232558,"Yes"
"225",7916,373,45,423,50.78,"A",0.892344497607656,0.107655502392345,0.892344497607656,"Yes"
"226",7917,716,107,827,48.11,"A",0.869987849331713,0.130012150668287,0.869987849331713,"Yes"
"227",7919,355,44,406,48.45,"A",0.889724310776942,0.110275689223058,0.889724310776942,"Yes"
"228",7922,621,105,729,44.59,"A",0.855371900826446,0.144628099173554,0.855371900826446,"Yes"
"229",7924,678,120,805,50.79,"A",0.849624060150376,0.150375939849624,0.849624060150376,"Yes"
"230",7925,202,43,245,46.94,"A",0.824489795918367,0.175510204081633,0.824489795918367,"Yes"
"231",7926,370,53,429,55.93,"A",0.874704491725768,0.125295508274232,0.874704491725768,"Yes"
"232",7927,715,143,869,55.07,"A",0.833333333333333,0.166666666666667,0.833333333333333,"Yes"
"233",7931,347,80,426,58.92,"A",0.812646370023419,0.187353629976581,0.812646370023419,"Yes"
"234",7932,224,53,281,55.31,"A",0.808664259927798,0.191335740072202,0.808664259927798,"Yes"
"235",7934,349,52,408,51.38,"A",0.870324189526185,0.129675810473815,0.870324189526185,"Yes"
"236",7935,861,142,1011,60.15,"A",0.858424725822532,0.141575274177468,0.858424725822532,"Yes"
"237",7936,408,61,477,59.4,"A",0.869936034115139,0.130063965884861,0.869936034115139,"Yes"
"238",7937,362,68,431,51.8,"A",0.841860465116279,0.158139534883721,0.841860465116279,"Yes"
"239",7939,608,95,710,51.68,"A",0.864864864864865,0.135135135135135,0.864864864864865,"Yes"
"240",7942,308,67,379,45.5,"A",0.821333333333333,0.178666666666667,0.821333333333333,"Yes"
"241",7943,313,102,415,50.79,"A",0.754216867469879,0.24578313253012,0.754216867469879,"Yes"
"242",7944,559,142,708,48.32,"A",0.797432239657632,0.202567760342368,0.797432239657632,"Yes"
"243",7945,268,72,342,41.6,"A",0.788235294117647,0.211764705882353,0.788235294117647,"Yes"
"244",7946,481,243,741,43.56,"A",0.664364640883978,0.335635359116022,0.664364640883978,"Yes"
"245",7947,224,113,343,40.64,"A",0.664688427299703,0.335311572700297,0.664688427299703,"Yes"
"246",7952,382,229,628,44.11,"A",0.625204582651391,0.374795417348609,0.625204582651391,"Yes"
"247",7953,334,208,551,42.68,"A",0.616236162361624,0.383763837638376,0.616236162361624,"Yes"
"248",7955,217,122,344,43.33,"A",0.640117994100295,0.359882005899705,0.640117994100295,"Yes"
"249",7956,170,81,256,38.85,"A",0.677290836653386,0.322709163346614,0.677290836653386,"Yes"
"250",7957,183,63,250,42.81,"A",0.74390243902439,0.25609756097561,0.74390243902439,"Yes"
"251",7958,68,32,105,41.34,"A",0.68,0.32,0.68,"Yes"
"252",9001,70,23,94,40.52,"A",0.752688172043011,0.247311827956989,0.752688172043011,"Yes"
"253",9101,253,123,377,45.1,"A",0.672872340425532,0.327127659574468,0.672872340425532,"Yes"
"254",9102,272,124,402,47.51,"A",0.686868686868687,0.313131313131313,0.686868686868687,"Yes"
"255",9103,511,215,741,42.61,"A",0.703856749311295,0.296143250688705,0.703856749311295,"Yes"
"256",9107,499,221,723,44.33,"A",0.693055555555556,0.306944444444444,0.693055555555556,"Yes"
"257",9108,428,155,605,42.13,"A",0.734133790737564,0.265866209262436,0.734133790737564,"Yes"
"258",9109,551,217,783,47.83,"A",0.717447916666667,0.282552083333333,0.717447916666667,"Yes"
"259",9113,329,122,456,48.56,"A",0.729490022172949,0.270509977827051,0.729490022172949,"Yes"
"260",9114,580,175,762,45.33,"A",0.768211920529801,0.231788079470199,0.768211920529801,"Yes"
"261",9116,566,167,737,43.36,"A",0.772169167803547,0.227830832196453,0.772169167803547,"Yes"
"262",9117,466,237,719,45.65,"A",0.662873399715505,0.337126600284495,0.662873399715505,"Yes"
"263",9121,491,235,739,45.59,"A",0.676308539944904,0.323691460055096,0.676308539944904,"Yes"
"264",9122,497,280,784,45.09,"A",0.63963963963964,0.36036036036036,0.63963963963964,"Yes"
"265",9123,472,199,679,41.89,"A",0.703427719821162,0.296572280178838,0.703427719821162,"Yes"
"266",9125,277,88,372,45.82,"A",0.758904109589041,0.241095890410959,0.758904109589041,"Yes"
"267",9126,601,254,856,47.55,"A",0.702923976608187,0.297076023391813,0.702923976608187,"Yes"
"268",9127,286,137,431,48.05,"A",0.67612293144208,0.32387706855792,0.67612293144208,"Yes"
"269",9128,450,210,668,45.78,"A",0.681818181818182,0.318181818181818,0.681818181818182,"Yes"
"270",9131,484,151,648,42.78,"A",0.762204724409449,0.237795275590551,0.762204724409449,"Yes"
"271",9133,355,99,465,49.26,"A",0.781938325991189,0.218061674008811,0.781938325991189,"Yes"
"272",9134,239,94,341,46.08,"A",0.717717717717718,0.282282282282282,0.717717717717718,"Yes"
"273",9135,216,104,324,42.58,"A",0.675,0.325,0.675,"Yes"
"274",9136,298,98,404,48.67,"A",0.752525252525252,0.247474747474747,0.752525252525252,"Yes"
"275",9137,527,238,785,46.12,"A",0.688888888888889,0.311111111111111,0.688888888888889,"Yes"
"276",9141,255,142,409,46.32,"A",0.642317380352645,0.357682619647355,0.642317380352645,"Yes"
"277",9142,529,230,766,44.3,"A",0.696969696969697,0.303030303030303,0.696969696969697,"Yes"
"278",9146,550,184,758,45.94,"A",0.749318801089918,0.250681198910082,0.749318801089918,"Yes"
"279",9148,578,205,795,43.76,"A",0.738186462324393,0.261813537675607,0.738186462324393,"Yes"
"280",9151,268,89,357,47.41,"A",0.750700280112045,0.249299719887955,0.750700280112045,"Yes"
"281",9152,456,124,584,35.57,"A",0.786206896551724,0.213793103448276,0.786206896551724,"Yes"
"282",9201,246,47,298,36.34,"A",0.839590443686007,0.160409556313993,0.839590443686007,"Yes"
"283",9202,182,76,259,31.17,"A",0.705426356589147,0.294573643410853,0.705426356589147,"Yes"
"284",9205,369,198,586,40.42,"A",0.650793650793651,0.349206349206349,0.650793650793651,"Yes"
"285",9206,387,271,666,39.84,"A",0.588145896656535,0.411854103343465,0.588145896656535,"Yes"
"286",9208,179,93,275,33.7,"A",0.658088235294118,0.341911764705882,0.658088235294118,"Yes"
"287",9209,333,208,550,41.04,"A",0.615526802218115,0.384473197781885,0.615526802218115,"Yes"
"288",9211,334,215,559,35.91,"A",0.608378870673953,0.391621129326047,0.608378870673953,"Yes"
"289",9212,169,93,265,38.4,"A",0.645038167938931,0.354961832061069,0.645038167938931,"Yes"
"290",9214,146,101,260,48.33,"A",0.591093117408907,0.408906882591093,0.591093117408907,"Yes"
"291",9215,127,115,243,42.19,"A",0.524793388429752,0.475206611570248,0.524793388429752,"Yes"
"292",9219,318,162,492,35.94,"A",0.6625,0.3375,0.6625,"Yes"
"293",9221,187,125,321,55.06,"A",0.599358974358974,0.400641025641026,0.599358974358974,"Yes"
"294",9222,361,226,601,41.79,"A",0.614991482112436,0.385008517887564,0.614991482112436,"Yes"
"295",9223,339,140,485,41.7,"A",0.707724425887265,0.292275574112735,0.707724425887265,"Yes"
"296",9224,259,117,384,44.8,"A",0.688829787234043,0.311170212765957,0.688829787234043,"Yes"
"297",9225,419,218,650,39.75,"A",0.657770800627943,0.342229199372057,0.657770800627943,"Yes"
"298",9227,442,279,729,53.25,"A",0.613037447988904,0.386962552011096,0.613037447988904,"Yes"
"299",9229,182,94,279,49.12,"A",0.659420289855073,0.340579710144928,0.659420289855073,"Yes"
"300",9231,334,108,452,48.65,"A",0.755656108597285,0.244343891402715,0.755656108597285,"Yes"
"301",9232,458,173,643,45.73,"A",0.725832012678288,0.274167987321712,0.725832012678288,"Yes"
"302",9234,409,252,665,44.75,"A",0.618759455370651,0.381240544629349,0.618759455370651,"Yes"
"303",9238,423,208,642,41.02,"A",0.670364500792393,0.329635499207607,0.670364500792393,"Yes"
"304",9239,241,102,346,46.13,"A",0.702623906705539,0.297376093294461,0.702623906705539,"Yes"
"305",9241,247,126,375,42.86,"A",0.662198391420912,0.337801608579088,0.662198391420912,"Yes"
"306",9242,459,174,636,40.05,"A",0.725118483412322,0.274881516587678,0.725118483412322,"Yes"
"307",9243,336,125,473,40.23,"A",0.72885032537961,0.27114967462039,0.72885032537961,"Yes"
"308",9244,442,164,615,39.52,"A",0.729372937293729,0.270627062706271,0.729372937293729,"Yes"
"309",9245,436,161,611,42.76,"A",0.730318257956449,0.269681742043551,0.730318257956449,"Yes"
"310",9251,535,223,753,46.17,"A",0.705804749340369,0.294195250659631,0.705804749340369,"Yes"
"311",9252,255,130,394,48.23,"A",0.662337662337662,0.337662337662338,0.662337662337662,"Yes"
"312",9253,217,87,310,43.48,"A",0.713815789473684,0.286184210526316,0.713815789473684,"Yes"
"313",9255,155,46,199,42.53,"A",0.771144278606965,0.228855721393035,0.771144278606965,"Yes"
"314",9256,368,128,494,42.41,"A",0.741935483870968,0.258064516129032,0.741935483870968,"Yes"
"315",9257,95,20,115,45.81,"A",0.826086956521739,0.173913043478261,0.826086956521739,"Yes"
"316",9258,226,80,308,49.36,"A",0.738562091503268,0.261437908496732,0.738562091503268,"Yes"
"317",9401,582,167,750,42.3,"A",0.777036048064085,0.222963951935915,0.777036048064085,"Yes"
"318",9402,506,209,727,41.92,"A",0.707692307692308,0.292307692307692,0.707692307692308,"Yes"
"319",9404,231,136,375,44.43,"A",0.629427792915531,0.370572207084469,0.629427792915531,"Yes"
"320",9405,216,121,339,46.83,"A",0.640949554896142,0.359050445103858,0.640949554896142,"Yes"
"321",9406,241,133,376,44.71,"A",0.644385026737968,0.355614973262032,0.644385026737968,"Yes"
"322",9407,236,90,329,39.4,"A",0.723926380368098,0.276073619631902,0.723926380368098,"Yes"
"323",9408,227,78,305,39.67,"A",0.744262295081967,0.255737704918033,0.744262295081967,"Yes"
"324",9409,206,47,258,44.18,"A",0.814229249011858,0.185770750988142,0.814229249011858,"Yes"
"325",9413,250,138,404,47.98,"A",0.644329896907217,0.355670103092784,0.644329896907217,"Yes"
"326",9416,484,287,795,45.66,"A",0.627756160830091,0.372243839169909,0.627756160830091,"Yes"
"327",9418,369,279,654,45.23,"A",0.569444444444444,0.430555555555556,0.569444444444444,"Yes"
"328",9419,475,285,768,46.77,"A",0.625,0.375,0.625,"Yes"
"329",9421,423,292,719,45.83,"A",0.591608391608392,0.408391608391608,0.591608391608392,"Yes"
"330",9422,493,284,796,42.89,"A",0.634491634491634,0.365508365508366,0.634491634491634,"Yes"
"331",9423,463,276,755,43.92,"A",0.626522327469553,0.373477672530447,0.626522327469553,"Yes"
"332",9424,448,262,731,42.85,"A",0.630985915492958,0.369014084507042,0.630985915492958,"Yes"
"333",9426,178,124,314,42.66,"A",0.589403973509934,0.410596026490066,0.589403973509934,"Yes"
"334",9427,221,141,373,44.09,"A",0.610497237569061,0.389502762430939,0.610497237569061,"Yes"
"335",9429,466,342,830,48.76,"A",0.576732673267327,0.423267326732673,0.576732673267327,"Yes"
"336",9432,203,131,341,40.64,"A",0.607784431137725,0.392215568862275,0.607784431137725,"Yes"
"337",9433,194,148,343,39.56,"A",0.567251461988304,0.432748538011696,0.567251461988304,"Yes"
"338",9436,214,173,397,43.11,"A",0.55297157622739,0.44702842377261,0.55297157622739,"Yes"
"339",9437,442,340,789,46.28,"A",0.565217391304348,0.434782608695652,0.565217391304348,"Yes"
"340",9439,420,330,756,44.47,"A",0.56,0.44,0.56,"Yes"
"341",9442,468,276,759,42.28,"A",0.629032258064516,0.370967741935484,0.629032258064516,"Yes"
"342",9443,475,276,760,44.29,"A",0.632490013315579,0.367509986684421,0.632490013315579,"Yes"
"343",9447,427,297,734,42.38,"A",0.589779005524862,0.410220994475138,0.589779005524862,"Yes"
"344",9449,383,285,673,42.64,"A",0.573353293413174,0.426646706586826,0.573353293413174,"Yes"
"345",9451,106,86,192,49.36,"A",0.552083333333333,0.447916666666667,0.552083333333333,"Yes"
"346",9452,462,340,825,48.41,"A",0.576059850374065,0.423940149625935,0.576059850374065,"Yes"
"347",9453,117,98,222,51.15,"A",0.544186046511628,0.455813953488372,0.544186046511628,"Yes"
"348",9501,35,14,50,35.71,"A",0.714285714285714,0.285714285714286,0.714285714285714,"Yes"
"349",9502,66,23,90,49.18,"A",0.741573033707865,0.258426966292135,0.741573033707865,"Yes"
"350",9503,199,34,232,38.09,"A",0.854077253218884,0.145922746781116,0.854077253218884,"Yes"
"351",9505,463,88,563,39.29,"A",0.840290381125227,0.159709618874773,0.840290381125227,"Yes"
"352",9507,511,96,615,47.02,"A",0.841845140032949,0.158154859967051,0.841845140032949,"Yes"
"353",9511,214,53,271,47.63,"A",0.801498127340824,0.198501872659176,0.801498127340824,"Yes"
"354",9512,266,53,321,44.52,"A",0.833855799373041,0.166144200626959,0.833855799373041,"Yes"
"355",9513,588,82,677,42.49,"A",0.877611940298507,0.122388059701493,0.877611940298507,"Yes"
"356",9516,527,168,702,46.64,"A",0.758273381294964,0.241726618705036,0.758273381294964,"Yes"
"357",9518,539,117,673,45.41,"A",0.821646341463415,0.178353658536585,0.821646341463415,"Yes"
"358",9521,655,158,814,47.3,"A",0.805658056580566,0.194341943419434,0.805658056580566,"Yes"
"359",9522,330,66,405,46.87,"A",0.833333333333333,0.166666666666667,0.833333333333333,"Yes"
"360",9702,492,155,649,49.02,"A",0.760432766615147,0.239567233384853,0.760432766615147,"Yes"
"361",9703,270,172,458,50.33,"A",0.610859728506787,0.389140271493213,0.610859728506787,"Yes"
"362",9704,604,242,847,48.1,"A",0.713947990543735,0.286052009456265,0.713947990543735,"Yes"
"363",9706,22,7,30,56.6,"A",0.758620689655172,0.241379310344828,0.758620689655172,"Yes"
"364",9708,484,273,769,48.82,"A",0.639365918097754,0.360634081902246,0.639365918097754,"Yes"
"365",9711,169,139,317,53.46,"A",0.548701298701299,0.451298701298701,0.548701298701299,"Yes"
"366",9712,221,133,355,58.68,"A",0.624293785310734,0.375706214689266,0.624293785310734,"Yes"
"367",9713,474,310,798,44.48,"A",0.604591836734694,0.395408163265306,0.604591836734694,"Yes"
"368",9714,257,207,472,53.75,"A",0.553879310344828,0.446120689655172,0.553879310344828,"Yes"
"369",9715,160,112,269,50,"A",0.588235294117647,0.411764705882353,0.588235294117647,"Yes"
"370",9716,477,371,860,47.78,"A",0.5625,0.4375,0.5625,"Yes"
"371",9718,265,202,471,59.54,"A",0.56745182012848,0.43254817987152,0.56745182012848,"Yes"
"372",9721,485,313,815,56.48,"A",0.607769423558897,0.392230576441103,0.607769423558897,"Yes"
"373",9722,166,119,289,50.35,"A",0.582456140350877,0.417543859649123,0.582456140350877,"Yes"
"374",9723,102,137,241,57.52,"A",0.426778242677824,0.573221757322176,0.573221757322176,"No"
"375",9725,386,468,866,49.31,"A",0.451990632318501,0.548009367681499,0.548009367681499,"No"
"376",9726,160,50,213,31.04,"A",0.761904761904762,0.238095238095238,0.761904761904762,"Yes"
"377",9727,215,237,467,46.46,"A",0.475663716814159,0.524336283185841,0.524336283185841,"No"
"378",9728,502,365,886,49.55,"A",0.579008073817762,0.420991926182238,0.579008073817762,"Yes"
"379",9729,380,324,713,55.66,"A",0.539772727272727,0.460227272727273,0.539772727272727,"Yes"
"380",9731,369,303,679,55.79,"A",0.549107142857143,0.450892857142857,0.549107142857143,"Yes"
"381",9732,22,18,40,58.82,"A",0.55,0.45,0.55,"Yes"
"382",9733,91,32,123,59.71,"A",0.739837398373984,0.260162601626016,0.739837398373984,"Yes"
"383",9737,481,287,777,55.54,"A",0.626302083333333,0.373697916666667,0.626302083333333,"Yes"
"384",9738,236,61,305,43.76,"A",0.794612794612795,0.205387205387205,0.794612794612795,"Yes"
"385",9741,109,14,131,14.28,"A",0.886178861788618,0.113821138211382,0.886178861788618,"Yes"
"386",9744,420,102,532,32.12,"A",0.804597701149425,0.195402298850575,0.804597701149425,"Yes"
"387",9745,478,104,588,32.41,"A",0.821305841924399,0.178694158075601,0.821305841924399,"Yes"
"388",9746,248,188,435,51.85,"A",0.568807339449541,0.431192660550459,0.568807339449541,"Yes"
"389",9747,258,121,388,43.65,"A",0.680738786279683,0.319261213720317,0.680738786279683,"Yes"
"390",9749,214,98,325,40.52,"A",0.685897435897436,0.314102564102564,0.685897435897436,"Yes"
"391",9751,253,187,448,50.8,"A",0.575,0.425,0.575,"Yes"
"392",9752,464,236,708,52.33,"A",0.662857142857143,0.337142857142857,0.662857142857143,"Yes"
"393",9755,447,180,641,53.38,"A",0.712918660287081,0.287081339712919,0.712918660287081,"Yes"
"394",9756,199,107,306,37.78,"A",0.650326797385621,0.349673202614379,0.650326797385621,"Yes"
"395",9801,114,58,173,43.36,"A",0.662790697674419,0.337209302325581,0.662790697674419,"Yes"
